{"cameraMode":{"drawMode":0,"name":"Shaded","section":"Shading Mode"},"sceneLighting":false,"audioPlay":false,"sceneViewState":{"showFog":false,"showMaterialUpdate":false,"showSkybox":false,"showFlares":false,"showImageEffects":false,"showParticleSystems":false,"showVisualEffectGraphs":true,"m_FxEnabled":true},"in2DMode":false,"pivot":{"x":0.5422760248184204,"y":0.5048127174377441,"z":0.9724446535110474},"rotation":{"x":-0.040374647825956348,"y":0.9407885670661926,"z":-0.12089630961418152,"w":-0.31406381726264956},"size":0.5723732709884644,"orthographic":false}